TACCGGAT-TACCGGAT	75376273
CTCTGGAT-CTCTGGAT	34435937
AGAGTCCA-AGAGTCCA	11164091
GTAGCGTA-GTAGCGTA	7989422
ATCATGCG-ATCATGCG	9867946
AACAGCGA-AACAGCGA	8749389
TCGACAAG-TCGACAAG	3802768
TGTTCCGT-TGTTCCGT	15486037
TCGAGAGT-TCGAGAGT	11586994
CGGTAATC-CGGTAATC	4974588
TAGCCATG-TAGCCATG	10467655
TCTTCGAC-TCTTCGAC	41445797
CTAGCTCA-CTAGCTCA	17084244
TATGGCAC-TATGGCAC	11021173
ACGATCAG-ACGATCAG	7823770
GATCTTGC-GATCTTGC	3584063
TATGGCAC-TGTTCCGT	88571
AGGATAGC-AGGATAGC	8534613
CACTTCAC-CACTTCAC	4138774
GCTACTCT-GCTACTCT	7316512
ATCGTGGT-ATCGTGGT	6779046
CGATCGAT-CGATCGAT	5510027
GTCCTAAG-GTCCTAAG	8686879
GATCAAGG-GATCAAGG	6481066
TCGGATTC-TCGGATTC	4539314
TATGGCAC-CTCTGGAT	1574
TCTTCGAC-CTCTGGAT	5933
TAGCCATG-TCTTCGAC	1611
CTAGCTCA-CGGTAATC	430
CTCTGGAT-AGGATAGC	1211
TCGACAAG-ATCATGCG	7836
TGTTCCGT-TATGGCAC	85536
TACCGGAT-TCGAGAGT	5863
GATCAAGG-TCTTCGAC	18138
ATCATGCG-TATGGCAC	788
CTCTGGAT-ATCGTGGT	1257
GTCCTAAG-TATGGCAC	7066
TCTTCGAC-TCGGATTC	1643
TCGAGAGT-TGTTCCGT	1126
TACCGGAT-AGGATAGC	2734
GATCAAGG-GCTACTCT	248
ATCATGCG-GATCTTGC	288
TACCGGAT-CTCTGGAT	20269
CACTTCAC-TCTTCGAC	938
TACCGGAT-TCTTCGAC	13576
CTCTGGAT-CTAGCTCA	3445
TACCGGAT-TCGACAAG	1237
CTCTGGAT-TACCGGAT	14152
TATGGCAC-AACAGCGA	661
AGAGTCCA-TACCGGAT	2707
TGTTCCGT-TCGGATTC	920
ACGATCAG-TGTTCCGT	579
CACTTCAC-ACGATCAG	371
AGGATAGC-TCTTCGAC	2149
TCTTCGAC-AGAGTCCA	1619
CTAGCTCA-TACCGGAT	4738
CGATCGAT-GTAGCGTA	204
TAGCCATG-CTCTGGAT	1106
CTAGCTCA-CTCTGGAT	3996
GCTACTCT-CTCTGGAT	1195
CGATCGAT-TGTTCCGT	504
ATCATGCG-TCTTCGAC	1858
TGTTCCGT-TACCGGAT	4606
CTAGCTCA-TCGACAAG	14841
TAGCCATG-CTAGCTCA	877
TATGGCAC-TCTTCGAC	4277
TCGGATTC-ACGATCAG	216
CGGTAATC-TACCGGAT	7265
ACGATCAG-TCTTCGAC	1352
GATCAAGG-ACGATCAG	567
CGATCGAT-TACCGGAT	2046
TAGCCATG-TATGGCAC	521
TACCGGAT-ATCGTGGT	3453
CTAGCTCA-TGTTCCGT	1247
GCTACTCT-AGGATAGC	277
TCTTCGAC-ATCGTGGT	4468
GTCCTAAG-CTAGCTCA	664
GCTACTCT-ACGATCAG	370
TACCGGAT-TATGGCAC	4603
TACCGGAT-GATCTTGC	1427
GCTACTCT-GTAGCGTA	651
GCTACTCT-TACCGGAT	1846
TGTTCCGT-TAGCCATG	633
AGAGTCCA-CGATCGAT	285
TACCGGAT-GCTACTCT	1798
TCGACAAG-AGAGTCCA	150
AGGATAGC-CTCTGGAT	1100
GATCAAGG-GTCCTAAG	421
TACCGGAT-AGAGTCCA	2906
AGGATAGC-TACCGGAT	2227
CTAGCTCA-TCTTCGAC	2907
GTCCTAAG-TACCGGAT	2326
AGGATAGC-GTAGCGTA	996
TCGGATTC-AGGATAGC	315
AGGATAGC-GCTACTCT	413
CTCTGGAT-AACAGCGA	1033
TCTTCGAC-ATCATGCG	1520
CTCTGGAT-GCTACTCT	2491
CACTTCAC-TAGCCATG	3205
TACCGGAT-ACGATCAG	2928
CTAGCTCA-GCTACTCT	1829
CTCTGGAT-TCTTCGAC	6129
CGATCGAT-CTCTGGAT	1304
CTCTGGAT-TATGGCAC	1742
TCGAGAGT-TAGCCATG	428
TCTTCGAC-GATCTTGC	1042
TCTTCGAC-TACCGGAT	10986
ATCATGCG-GATCAAGG	549
TCTTCGAC-GCTACTCT	1090
ATCGTGGT-AGAGTCCA	372
TACCGGAT-GTCCTAAG	3170
AGGATAGC-TAGCCATG	394
AGGATAGC-AGAGTCCA	662
GTAGCGTA-GTCCTAAG	415
TCGAGAGT-TATGGCAC	483
ATCATGCG-TACCGGAT	2521
TGTTCCGT-CTAGCTCA	1116
CTAGCTCA-AACAGCGA	620
TACCGGAT-CGATCGAT	2118
TCTTCGAC-ACGATCAG	1807
GATCAAGG-TACCGGAT	1650
CGGTAATC-ATCGTGGT	386
CACTTCAC-ATCATGCG	158
TACCGGAT-TCGGATTC	1922
CTCTGGAT-TGTTCCGT	2652
ACGATCAG-TCGAGAGT	510
GATCAAGG-AGGATAGC	264
ACGATCAG-TACCGGAT	2271
ATCGTGGT-TACCGGAT	2090
TACCGGAT-CTAGCTCA	5282
CTAGCTCA-AGGATAGC	704
TAGCCATG-TACCGGAT	2851
CTAGCTCA-GTCCTAAG	736
TCTTCGAC-TATGGCAC	2865
AGGATAGC-ATCATGCG	509
AACAGCGA-CACTTCAC	182
CGGTAATC-TCTTCGAC	1316
TACCGGAT-TAGCCATG	4661
ATCGTGGT-CTCTGGAT	1349
TACCGGAT-CGGTAATC	2913
ATCATGCG-ATCGTGGT	598
TCTTCGAC-AGGATAGC	2140
CTAGCTCA-GTAGCGTA	1242
ATCGTGGT-GTAGCGTA	258
AGAGTCCA-TCGGATTC	236
GTAGCGTA-TACCGGAT	1975
TCGGATTC-GATCTTGC	293
TACCGGAT-AACAGCGA	2269
CTCTGGAT-GTCCTAAG	1359
TCGAGAGT-AGAGTCCA	516
CGATCGAT-ACGATCAG	291
CACTTCAC-GTCCTAAG	132
CTCTGGAT-CGGTAATC	1010
CTCTGGAT-TAGCCATG	1277
TGTTCCGT-TCTTCGAC	2719
ATCATGCG-TCGAGAGT	497
TATGGCAC-GATCTTGC	404
TACCGGAT-TGTTCCGT	5737
TCTTCGAC-TCGAGAGT	2779
TCTTCGAC-GTCCTAAG	1381
TCGAGAGT-CTCTGGAT	1857
ACGATCAG-GTCCTAAG	508
ATCATGCG-AACAGCGA	540
GATCAAGG-CTCTGGAT	775
CTAGCTCA-ATCGTGGT	554
GTAGCGTA-TAGCCATG	332
AGAGTCCA-TCGAGAGT	1115
ATCATGCG-GCTACTCT	328
AGAGTCCA-ACGATCAG	660
TACCGGAT-ATCATGCG	2665
AACAGCGA-TACCGGAT	2578
TATGGCAC-TACCGGAT	4625
TGTTCCGT-AGAGTCCA	845
GTCCTAAG-TGTTCCGT	990
ACGATCAG-CTAGCTCA	665
TCTTCGAC-GATCAAGG	1934
CTAGCTCA-ATCATGCG	1851
TACCGGAT-CACTTCAC	1434
AGGATAGC-CGGTAATC	323
ATCGTGGT-AGGATAGC	267
TCGAGAGT-CTAGCTCA	829
TATGGCAC-ATCATGCG	472
TGTTCCGT-CTCTGGAT	1941
GCTACTCT-TGTTCCGT	709
GATCTTGC-TATGGCAC	251
CTAGCTCA-CACTTCAC	338
ATCGTGGT-GATCAAGG	617
CTCTGGAT-TCGGATTC	770
TCGGATTC-ATCGTGGT	118
GTAGCGTA-TCGAGAGT	776
CGGTAATC-TAGCCATG	351
AGAGTCCA-TATGGCAC	551
TAGCCATG-TCGAGAGT	556
CTCTGGAT-CGATCGAT	2171
TAGCCATG-TCGACAAG	231
TCGACAAG-TCGAGAGT	358
TCGAGAGT-TCTTCGAC	2011
TGTTCCGT-TCGACAAG	242
GCTACTCT-CTAGCTCA	814
CTCTGGAT-TCGAGAGT	2379
AGGATAGC-TATGGCAC	683
GATCTTGC-AACAGCGA	179
CTAGCTCA-CGATCGAT	599
TACCGGAT-GATCAAGG	2203
TCGAGAGT-TACCGGAT	3632
ATCATGCG-CTCTGGAT	1513
GATCTTGC-AGAGTCCA	208
TATGGCAC-GTCCTAAG	759
ACGATCAG-TATGGCAC	454
AGGATAGC-GATCTTGC	549
CTAGCTCA-TATGGCAC	977
ATCATGCG-TAGCCATG	917
CACTTCAC-TCGAGAGT	179
ATCATGCG-TGTTCCGT	734
ATCATGCG-CTAGCTCA	848
TAGCCATG-GTAGCGTA	331
ACGATCAG-AACAGCGA	275
AGAGTCCA-CTCTGGAT	1255
GCTACTCT-TCGAGAGT	470
TGTTCCGT-CGATCGAT	527
TCGGATTC-CACTTCAC	111
CGATCGAT-ATCGTGGT	167
TCGGATTC-TAGCCATG	191
GTAGCGTA-ATCATGCG	353
CTCTGGAT-AGAGTCCA	2037
GATCTTGC-CTCTGGAT	397
TACCGGAT-GTAGCGTA	2217
GTCCTAAG-TCTTCGAC	1345
CACTTCAC-CTCTGGAT	660
TCGGATTC-TCGACAAG	88
ATCATGCG-TCGACAAG	305
TATGGCAC-CACTTCAC	474
AGGATAGC-CTAGCTCA	783
TCTTCGAC-CACTTCAC	951
GATCTTGC-TCTTCGAC	755
CTCTGGAT-ATCATGCG	1308
ATCGTGGT-ACGATCAG	307
AGAGTCCA-AGGATAGC	606
CACTTCAC-AGAGTCCA	191
AGGATAGC-ACGATCAG	531
TGTTCCGT-ATCATGCG	718
AGGATAGC-ATCGTGGT	319
TATGGCAC-TAGCCATG	610
TCGACAAG-TCGGATTC	127
AGAGTCCA-CTAGCTCA	1359
TATGGCAC-AGAGTCCA	534
ATCGTGGT-CACTTCAC	84
GTCCTAAG-TAGCCATG	451
TCGGATTC-GATCAAGG	132
GATCAAGG-CACTTCAC	95
GCTACTCT-TCGACAAG	99
TCGGATTC-TCTTCGAC	1307
AGAGTCCA-GCTACTCT	362
AGGATAGC-GATCAAGG	228
CTAGCTCA-AGAGTCCA	1253
ATCATGCG-AGAGTCCA	621
TCGAGAGT-AACAGCGA	329
GTAGCGTA-TCTTCGAC	1351
TCTTCGAC-GTAGCGTA	1326
GTCCTAAG-AGAGTCCA	409
CGATCGAT-ATCATGCG	208
AGGATAGC-AACAGCGA	355
TCGGATTC-AACAGCGA	1047
TCTTCGAC-CGATCGAT	1187
GTCCTAAG-ACGATCAG	451
CGATCGAT-AGGATAGC	321
TGTTCCGT-AGGATAGC	584
TCTTCGAC-TCGACAAG	1053
CACTTCAC-CTAGCTCA	371
ATCATGCG-CACTTCAC	170
AGAGTCCA-TCTTCGAC	1660
CGATCGAT-GATCAAGG	183
ACGATCAG-TCGGATTC	175
CTCTGGAT-GTAGCGTA	1165
TATGGCAC-CTAGCTCA	906
TCGGATTC-TACCGGAT	1173
GTAGCGTA-CACTTCAC	101
GCTACTCT-TCTTCGAC	1122
TATGGCAC-ACGATCAG	574
TATGGCAC-GTAGCGTA	363
AACAGCGA-CGGTAATC	173
TGTTCCGT-CACTTCAC	266
GTAGCGTA-CGATCGAT	213
ATCATGCG-ACGATCAG	782
AACAGCGA-TCGAGAGT	508
AGGATAGC-TGTTCCGT	698
TCGAGAGT-ATCGTGGT	509
ATCATGCG-CGGTAATC	201
GTAGCGTA-GATCTTGC	159
GTAGCGTA-ACGATCAG	826
GATCTTGC-CTAGCTCA	269
AACAGCGA-AGAGTCCA	625
TAGCCATG-CACTTCAC	247
TAGCCATG-TGTTCCGT	724
CACTTCAC-GCTACTCT	101
ATCGTGGT-TCTTCGAC	1391
AGAGTCCA-ATCGTGGT	357
GTCCTAAG-GATCAAGG	437
TAGCCATG-CGGTAATC	196
CGATCGAT-CTAGCTCA	463
TGTTCCGT-GCTACTCT	487
AACAGCGA-TCTTCGAC	2178
TCGGATTC-GCTACTCT	123
TGTTCCGT-TCGAGAGT	1090
CGGTAATC-AGGATAGC	339
ACGATCAG-ATCATGCG	433
CGGTAATC-GTCCTAAG	164
TGTTCCGT-ATCGTGGT	499
CACTTCAC-TACCGGAT	1043
GTCCTAAG-CTCTGGAT	1151
TCGAGAGT-GCTACTCT	637
GCTACTCT-AACAGCGA	259
TCTTCGAC-TGTTCCGT	3200
TATGGCAC-GCTACTCT	317
AGAGTCCA-AACAGCGA	481
GTAGCGTA-GCTACTCT	1532
GTCCTAAG-AACAGCGA	461
TATGGCAC-CGGTAATC	366
TCTTCGAC-CGGTAATC	1234
GATCAAGG-TGTTCCGT	417
TCGACAAG-TCTTCGAC	782
TCGACAAG-ACGATCAG	281
CGATCGAT-TCTTCGAC	1160
CACTTCAC-TGTTCCGT	279
GATCAAGG-TAGCCATG	397
ATCGTGGT-CGATCGAT	219
TCGAGAGT-AGGATAGC	494
TATGGCAC-CGATCGAT	275
AACAGCGA-ACGATCAG	553
AGAGTCCA-TGTTCCGT	889
CACTTCAC-TCGGATTC	141
TAGCCATG-ACGATCAG	441
TCGACAAG-TAGCCATG	323
TATGGCAC-GATCAAGG	338
ACGATCAG-CTCTGGAT	1060
AGAGTCCA-GTAGCGTA	1058
GATCTTGC-CGATCGAT	205
CTAGCTCA-TCGAGAGT	1256
CGATCGAT-GCTACTCT	195
TCGACAAG-CTAGCTCA	256
ACGATCAG-TAGCCATG	515
AGGATAGC-TCGGATTC	355
GCTACTCT-AGAGTCCA	492
GATCAAGG-GTAGCGTA	277
CTCTGGAT-CACTTCAC	685
AACAGCGA-CTAGCTCA	755
AACAGCGA-CTCTGGAT	1292
AACAGCGA-CGATCGAT	329
CGATCGAT-GATCTTGC	131
TCGACAAG-GATCAAGG	146
ATCATGCG-GTCCTAAG	636
GATCAAGG-ATCATGCG	323
GTAGCGTA-CTAGCTCA	1014
GTAGCGTA-CTCTGGAT	965
TCGACAAG-TACCGGAT	957
GATCAAGG-CTAGCTCA	448
TCTTCGAC-CTAGCTCA	3013
GATCTTGC-CGGTAATC	133
CGGTAATC-GATCAAGG	185
CGGTAATC-TGTTCCGT	399
TATGGCAC-TCGAGAGT	958
TATGGCAC-TCGGATTC	991
AACAGCGA-TATGGCAC	482
AACAGCGA-TAGCCATG	386
TATGGCAC-ATCGTGGT	318
GTCCTAAG-ATCATGCG	419
CACTTCAC-TATGGCAC	358
GTCCTAAG-TCGGATTC	271
TCGAGAGT-GATCTTGC	215
TCGAGAGT-CGATCGAT	349
TATGGCAC-AGGATAGC	675
TAGCCATG-GATCAAGG	398
CGGTAATC-CTCTGGAT	766
CGGTAATC-TCGAGAGT	258
TATGGCAC-TCGACAAG	277
ACGATCAG-AGAGTCCA	511
TCGGATTC-TCGAGAGT	311
AGGATAGC-TCGAGAGT	570
TAGCCATG-GATCTTGC	209
TCGAGAGT-GATCAAGG	315
CACTTCAC-CGGTAATC	224
GCTACTCT-GATCAAGG	229
ACGATCAG-CACTTCAC	186
GTCCTAAG-GCTACTCT	277
ACGATCAG-ATCGTGGT	242
TCGGATTC-CTCTGGAT	619
CTAGCTCA-ACGATCAG	851
TGTTCCGT-GATCAAGG	400
CGGTAATC-ACGATCAG	217
TCGGATTC-CGGTAATC	188
GCTACTCT-TAGCCATG	299
GATCTTGC-TACCGGAT	790
CTAGCTCA-GATCAAGG	511
CGGTAATC-TATGGCAC	309
TCGGATTC-CGATCGAT	254
TCGAGAGT-GTCCTAAG	362
GTCCTAAG-GTAGCGTA	385
CTCTGGAT-TCGACAAG	570
AACAGCGA-GATCTTGC	628
AACAGCGA-ATCGTGGT	448
GCTACTCT-TCGGATTC	148
GCTACTCT-GTCCTAAG	334
GTAGCGTA-TGTTCCGT	608
AGGATAGC-GTCCTAAG	307
CTCTGGAT-GATCAAGG	819
TCTTCGAC-AACAGCGA	1079
TGTTCCGT-GTCCTAAG	462
TGTTCCGT-ACGATCAG	568
CTCTGGAT-GATCTTGC	646
TCGAGAGT-ACGATCAG	655
AGGATAGC-TCGACAAG	133
ATCGTGGT-CGGTAATC	175
GATCTTGC-GATCAAGG	184
AACAGCGA-ATCATGCG	688
AACAGCGA-GATCAAGG	344
ATCGTGGT-TGTTCCGT	473
CGGTAATC-TCGGATTC	162
GATCTTGC-GTAGCGTA	170
CTCTGGAT-ACGATCAG	1401
GATCAAGG-GATCTTGC	266
AACAGCGA-GTCCTAAG	363
GTCCTAAG-ATCGTGGT	255
TAGCCATG-AGAGTCCA	466
AGGATAGC-CGATCGAT	282
CTAGCTCA-TAGCCATG	977
ACGATCAG-GATCAAGG	361
CGATCGAT-CACTTCAC	124
GATCTTGC-AGGATAGC	368
ACGATCAG-CGGTAATC	203
GTCCTAAG-TCGAGAGT	381
AGAGTCCA-GTCCTAAG	407
GTCCTAAG-AGGATAGC	311
TCGAGAGT-CACTTCAC	159
TCTTCGAC-TAGCCATG	1719
GATCAAGG-ATCGTGGT	448
ATCATGCG-CGATCGAT	265
TCGACAAG-GTCCTAAG	233
TCGACAAG-CGATCGAT	105
GCTACTCT-ATCATGCG	323
TCGAGAGT-TCGGATTC	383
TGTTCCGT-GTAGCGTA	575
TCGAGAGT-ATCATGCG	374
GATCTTGC-TCGAGAGT	176
GATCAAGG-CGGTAATC	122
TAGCCATG-AGGATAGC	362
CGGTAATC-GTAGCGTA	148
TCGGATTC-TGTTCCGT	327
GATCTTGC-ACGATCAG	193
AGAGTCCA-ATCATGCG	478
ATCGTGGT-CTAGCTCA	472
ACGATCAG-GTAGCGTA	292
ATCGTGGT-TCGAGAGT	562
TCGGATTC-GTCCTAAG	164
GATCAAGG-TCGACAAG	149
CGGTAATC-CTAGCTCA	509
TAGCCATG-AACAGCGA	277
TCGAGAGT-GTAGCGTA	360
TAGCCATG-GCTACTCT	248
AACAGCGA-TGTTCCGT	653
CGATCGAT-TCGAGAGT	329
GATCAAGG-CGATCGAT	211
CGGTAATC-ATCATGCG	203
CGGTAATC-AGAGTCCA	244
GTAGCGTA-AGAGTCCA	537
CGATCGAT-AACAGCGA	171
TCGACAAG-TGTTCCGT	246
GTAGCGTA-GATCAAGG	258
CGATCGAT-TATGGCAC	219
GCTACTCT-GATCTTGC	181
CGGTAATC-TCGACAAG	85
TAGCCATG-ATCATGCG	453
ATCGTGGT-TATGGCAC	288
ATCATGCG-AGGATAGC	582
AGAGTCCA-TCGACAAG	153
CGATCGAT-GTCCTAAG	227
GTAGCGTA-TCGGATTC	162
CACTTCAC-AGGATAGC	223
GCTACTCT-TATGGCAC	335
ATCGTGGT-TAGCCATG	228
TGTTCCGT-CGGTAATC	283
TCGACAAG-AACAGCGA	100
ACGATCAG-CGATCGAT	361
ATCATGCG-TCGGATTC	217
CACTTCAC-CGATCGAT	174
GTCCTAAG-CGATCGAT	251
AGAGTCCA-CGGTAATC	244
GTCCTAAG-CACTTCAC	134
TGTTCCGT-GATCTTGC	350
CTAGCTCA-GATCTTGC	422
GATCAAGG-AGAGTCCA	328
TGTTCCGT-AACAGCGA	791
ATCGTGGT-AACAGCGA	195
GTAGCGTA-ATCGTGGT	306
ATCGTGGT-ATCATGCG	314
CGGTAATC-GCTACTCT	147
TAGCCATG-CGATCGAT	183
GTAGCGTA-AACAGCGA	348
AACAGCGA-GCTACTCT	249
CGGTAATC-AACAGCGA	154
TCGAGAGT-TCGACAAG	277
ATCGTGGT-TCGACAAG	112
GATCAAGG-AACAGCGA	215
TCGACAAG-CTCTGGAT	449
ATCATGCG-GTAGCGTA	358
CGGTAATC-CGATCGAT	228
TCGGATTC-TATGGCAC	424
CGGTAATC-GATCTTGC	163
GTAGCGTA-TATGGCAC	377
GTAGCGTA-TCGACAAG	119
TCGACAAG-AGGATAGC	175
GTCCTAAG-GATCTTGC	224
TCGGATTC-AGAGTCCA	223
TAGCCATG-TCGGATTC	240
CACTTCAC-GATCTTGC	108
CGATCGAT-CGGTAATC	214
AACAGCGA-AGGATAGC	541
GTCCTAAG-TCGACAAG	183
AACAGCGA-TCGGATTC	378
ATCGTGGT-GTCCTAAG	178
GATCTTGC-TCGACAAG	48
AGAGTCCA-GATCAAGG	270
ATCGTGGT-GATCTTGC	137
GTAGCGTA-CGGTAATC	149
ATCGTGGT-TCGGATTC	157
TCGACAAG-TATGGCAC	205
TCGAGAGT-CGGTAATC	253
AGAGTCCA-TAGCCATG	459
AACAGCGA-GTAGCGTA	492
TCGACAAG-GTAGCGTA	110
TCGACAAG-GATCTTGC	70
CGATCGAT-TCGACAAG	105
GATCTTGC-ATCATGCG	252
ACGATCAG-TCGACAAG	334
TAGCCATG-GTCCTAAG	426
GATCTTGC-GCTACTCT	132
CTAGCTCA-TCGGATTC	431
GTCCTAAG-CGGTAATC	158
CGATCGAT-AGAGTCCA	278
AGGATAGC-CACTTCAC	359
ACGATCAG-GATCTTGC	193
CGGTAATC-CACTTCAC	203
GCTACTCT-CGATCGAT	214
ATCGTGGT-GCTACTCT	253
ACGATCAG-AGGATAGC	415
GTAGCGTA-AGGATAGC	327
CGATCGAT-TAGCCATG	236
ACGATCAG-GCTACTCT	335
GCTACTCT-CGGTAATC	166
GCTACTCT-ATCGTGGT	240
CACTTCAC-AACAGCGA	125
GATCTTGC-TGTTCCGT	203
GATCAAGG-TCGAGAGT	320
GATCAAGG-TATGGCAC	297
GATCTTGC-ATCGTGGT	109
TAGCCATG-ATCGTGGT	239
TCGACAAG-GCTACTCT	105
GATCAAGG-TCGGATTC	120
TCGGATTC-CTAGCTCA	407
AGAGTCCA-GATCTTGC	206
GATCTTGC-GTCCTAAG	167
TCGACAAG-ATCGTGGT	98
AGAGTCCA-CACTTCAC	197
GATCTTGC-TAGCCATG	136
GATCTTGC-CACTTCAC	102
TCGGATTC-ATCATGCG	173
TCGGATTC-GTAGCGTA	133
AACAGCGA-TCGACAAG	133
CGATCGAT-TCGGATTC	117
CACTTCAC-GTAGCGTA	131
CACTTCAC-GATCAAGG	122
CACTTCAC-ATCGTGGT	103
GATCTTGC-TCGGATTC	85
TCGACAAG-CGGTAATC	56
GCTACTCT-CACTTCAC	96
CACTTCAC-TCGACAAG	67
TCGACAAG-CACTTCAC	35
